'07/26/2023 14:17:03.308',"324,984,240,000,000","-299,495,280,000,000","624,479,520,000,000",0.127444800000000
'07/26/2023 14:17:03.324',"326,577,300,000,000","-309,053,640,000,000","635,630,940,000,000",0.0876183000000000
'07/26/2023 14:17:03.340',"344,100,960,000,000","-294,716,100,000,000","638,817,060,000,000",0.246924300000000
'07/26/2023 14:17:03.356',"334,542,600,000,000","-307,460,580,000,000","642,003,180,000,000",0.135410100000000
'07/26/2023 14:17:03.373',"334,542,600,000,000","-305,867,520,000,000","640,410,120,000,000",0.143375400000000
'07/26/2023 14:17:03.389',"326,577,300,000,000","-318,612,000,000,000","645,189,300,000,000",0.0398265000000000
'07/26/2023 14:17:03.405',"340,914,840,000,000","-301,088,340,000,000","642,003,180,000,000",0.199132500000000
'07/26/2023 14:17:03.421',"344,100,960,000,000","-297,902,220,000,000","642,003,180,000,000",0.230993700000000
'07/26/2023 14:17:03.438',"336,135,660,000,000","-291,529,980,000,000","627,665,640,000,000",0.223028400000000
'07/26/2023 14:17:03.454',"342,507,900,000,000","-285,157,740,000,000","627,665,640,000,000",0.286750800000000
'07/26/2023 14:17:03.470',"344,100,960,000,000","-286,750,800,000,000","630,851,760,000,000",0.286750800000000
'07/26/2023 14:17:03.486',"340,914,840,000,000","-291,529,980,000,000","632,444,820,000,000",0.246924300000000
'07/26/2023 14:17:03.503',"332,949,540,000,000","-291,529,980,000,000","624,479,520,000,000",0.207097800000000
'07/26/2023 14:17:03.519',"324,984,240,000,000","-296,309,160,000,000","621,293,400,000,000",0.143375400000000
'07/26/2023 14:17:03.535',"332,949,540,000,000","-289,936,920,000,000","622,886,460,000,000",0.215063100000000
'07/26/2023 14:17:03.551',"328,170,360,000,000","-297,902,220,000,000","626,072,580,000,000",0.151340700000000
'07/26/2023 14:17:03.568',"326,577,300,000,000","-302,681,400,000,000","629,258,700,000,000",0.119479500000000
'07/26/2023 14:17:03.584',"326,577,300,000,000","-297,902,220,000,000","624,479,520,000,000",0.143375400000000
'07/26/2023 14:17:03.600',"336,135,660,000,000","-293,123,040,000,000","629,258,700,000,000",0.215063100000000
'07/26/2023 14:17:03.616',"331,356,480,000,000","-297,902,220,000,000","629,258,700,000,000",0.167271300000000
'07/26/2023 14:17:03.633',"321,798,120,000,000","-296,309,160,000,000","618,107,280,000,000",0.127444800000000
'07/26/2023 14:17:03.649',"318,612,000,000,000","-296,309,160,000,000","614,921,160,000,000",0.111514200000000
'07/26/2023 14:17:03.665',"328,170,360,000,000","-302,681,400,000,000","630,851,760,000,000",0.127444800000000
'07/26/2023 14:17:03.681',"321,798,120,000,000","-309,053,640,000,000","630,851,760,000,000",0.0637224000000000
'07/26/2023 14:17:03.698',"320,205,060,000,000","-304,274,460,000,000","624,479,520,000,000",0.0796530000000000
'07/26/2023 14:17:03.714',"315,425,880,000,000","-304,274,460,000,000","619,700,340,000,000",0.0557571000000000
'07/26/2023 14:17:03.730',"315,425,880,000,000","-304,274,460,000,000","619,700,340,000,000",0.0557571000000000
'07/26/2023 14:17:03.746',"307,460,580,000,000","-310,646,700,000,000","618,107,280,000,000",-0.0159306000000000
'07/26/2023 14:17:03.763',"310,646,700,000,000","-304,274,460,000,000","614,921,160,000,000",0.0318612000000000
'07/26/2023 14:17:03.779',"299,495,280,000,000","-309,053,640,000,000","608,548,920,000,000",-0.0477918000000000
'07/26/2023 14:17:03.795',"318,612,000,000,000","-307,460,580,000,000","626,072,580,000,000",0.0557571000000000
'07/26/2023 14:17:03.811',"309,053,640,000,000","-312,239,760,000,000","621,293,400,000,000",-0.0159306000000000
'07/26/2023 14:17:03.828',"313,832,820,000,000","-305,867,520,000,000","619,700,340,000,000",0.0398265000000000
'07/26/2023 14:17:03.844',"304,274,460,000,000","-309,053,640,000,000","613,328,100,000,000",-0.0238959000000000
'07/26/2023 14:17:03.860',"309,053,640,000,000","-310,646,700,000,000","619,700,340,000,000",-0.00796530000000000
'07/26/2023 14:17:03.876',"307,460,580,000,000","-320,205,060,000,000","627,665,640,000,000",-0.0637224000000000
'07/26/2023 14:17:03.893',"310,646,700,000,000","-310,646,700,000,000","621,293,400,000,000",0
'07/26/2023 14:17:03.909',"299,495,280,000,000","-307,460,580,000,000","606,955,860,000,000",-0.0398265000000000
'07/26/2023 14:17:03.925',"305,867,520,000,000","-309,053,640,000,000","614,921,160,000,000",-0.0159306000000000
'07/26/2023 14:17:03.941',"304,274,460,000,000","-310,646,700,000,000","614,921,160,000,000",-0.0318612000000000
'07/26/2023 14:17:03.958',"309,053,640,000,000","-315,425,880,000,000","624,479,520,000,000",-0.0318612000000000
'07/26/2023 14:17:03.974',"305,867,520,000,000","-317,018,940,000,000","622,886,460,000,000",-0.0557571000000000
'07/26/2023 14:17:03.990',"304,274,460,000,000","-313,832,820,000,000","618,107,280,000,000",-0.0477918000000000
'07/26/2023 14:17:04.006',"304,274,460,000,000","-313,832,820,000,000","618,107,280,000,000",-0.0477918000000000
'07/26/2023 14:17:04.023',"305,867,520,000,000","-307,460,580,000,000","613,328,100,000,000",-0.00796530000000000
'07/26/2023 14:17:04.039',"301,088,340,000,000","-307,460,580,000,000","608,548,920,000,000",-0.0318612000000000
'07/26/2023 14:17:04.055',"302,681,400,000,000","-313,832,820,000,000","616,514,220,000,000",-0.0557571000000000
'07/26/2023 14:17:04.071',"304,274,460,000,000","-310,646,700,000,000","614,921,160,000,000",-0.0318612000000000
'07/26/2023 14:17:04.088',"304,274,460,000,000","-307,460,580,000,000","611,735,040,000,000",-0.0159306000000000
'07/26/2023 14:17:04.104',"302,681,400,000,000","-310,646,700,000,000","613,328,100,000,000",-0.0398265000000000
'07/26/2023 14:17:04.120',"313,832,820,000,000","-317,018,940,000,000","630,851,760,000,000",-0.0159306000000000
'07/26/2023 14:17:04.136',"305,867,520,000,000","-310,646,700,000,000","616,514,220,000,000",-0.0238959000000000
'07/26/2023 14:17:04.153',"302,681,400,000,000","-305,867,520,000,000","608,548,920,000,000",-0.0159306000000000
'07/26/2023 14:17:04.169',"301,088,340,000,000","-302,681,400,000,000","603,769,740,000,000",-0.00796530000000000
'07/26/2023 14:17:04.185',"296,309,160,000,000","-309,053,640,000,000","605,362,800,000,000",-0.0637224000000000
'07/26/2023 14:17:04.201',"302,681,400,000,000","-301,088,340,000,000","603,769,740,000,000",0.00796530000000000
'07/26/2023 14:17:04.218',"301,088,340,000,000","-304,274,460,000,000","605,362,800,000,000",-0.0159306000000000
'07/26/2023 14:17:04.234',"304,274,460,000,000","-301,088,340,000,000","605,362,800,000,000",0.0159306000000000
'07/26/2023 14:17:04.250',"301,088,340,000,000","-305,867,520,000,000","606,955,860,000,000",-0.0238959000000000
'07/26/2023 14:17:04.266',"304,274,460,000,000","-299,495,280,000,000","603,769,740,000,000",0.0238959000000000
'07/26/2023 14:17:04.283',"304,274,460,000,000","-301,088,340,000,000","605,362,800,000,000",0.0159306000000000
'07/26/2023 14:17:04.299',"307,460,580,000,000","-291,529,980,000,000","598,990,560,000,000",0.0796530000000000
'07/26/2023 14:17:04.315',"305,867,520,000,000","-297,902,220,000,000","603,769,740,000,000",0.0398265000000000
'07/26/2023 14:17:04.331',"309,053,640,000,000","-299,495,280,000,000","608,548,920,000,000",0.0477918000000000
'07/26/2023 14:17:04.348',"307,460,580,000,000","-302,681,400,000,000","610,141,980,000,000",0.0238959000000000
'07/26/2023 14:17:04.364',"312,239,760,000,000","-299,495,280,000,000","611,735,040,000,000",0.0637224000000000
'07/26/2023 14:17:04.380',"305,867,520,000,000","-297,902,220,000,000","603,769,740,000,000",0.0398265000000000
'07/26/2023 14:17:04.396',"307,460,580,000,000","-297,902,220,000,000","605,362,800,000,000",0.0477918000000000
'07/26/2023 14:17:04.413',"305,867,520,000,000","-302,681,400,000,000","608,548,920,000,000",0.0159306000000000
'07/26/2023 14:17:04.429',"310,646,700,000,000","-302,681,400,000,000","613,328,100,000,000",0.0398265000000000
'07/26/2023 14:17:04.445',"302,681,400,000,000","-309,053,640,000,000","611,735,040,000,000",-0.0318612000000000
'07/26/2023 14:17:04.461',"310,646,700,000,000","-299,495,280,000,000","610,141,980,000,000",0.0557571000000000
'07/26/2023 14:17:04.478',"301,088,340,000,000","-302,681,400,000,000","603,769,740,000,000",-0.00796530000000000
'07/26/2023 14:17:04.494',"304,274,460,000,000","-299,495,280,000,000","603,769,740,000,000",0.0238959000000000
'07/26/2023 14:17:04.510',"302,681,400,000,000","-305,867,520,000,000","608,548,920,000,000",-0.0159306000000000
'07/26/2023 14:17:04.526',"301,088,340,000,000","-307,460,580,000,000","608,548,920,000,000",-0.0318612000000000
'07/26/2023 14:17:04.543',"294,716,100,000,000","-312,239,760,000,000","606,955,860,000,000",-0.0876183000000000
'07/26/2023 14:17:04.559',"299,495,280,000,000","-318,612,000,000,000","618,107,280,000,000",-0.0955836000000000
'07/26/2023 14:17:04.575',"296,309,160,000,000","-315,425,880,000,000","611,735,040,000,000",-0.0955836000000000
'07/26/2023 14:17:04.591',"294,716,100,000,000","-320,205,060,000,000","614,921,160,000,000",-0.127444800000000
'07/26/2023 14:17:04.608',"285,157,740,000,000","-326,577,300,000,000","611,735,040,000,000",-0.207097800000000
'07/26/2023 14:17:04.624',"289,936,920,000,000","-326,577,300,000,000","616,514,220,000,000",-0.183201900000000
'07/26/2023 14:17:04.640',"281,971,620,000,000","-328,170,360,000,000","610,141,980,000,000",-0.230993700000000
'07/26/2023 14:17:04.656',"285,157,740,000,000","-326,577,300,000,000","611,735,040,000,000",-0.207097800000000
'07/26/2023 14:17:04.673',"288,343,860,000,000","-326,577,300,000,000","614,921,160,000,000",-0.191167200000000
'07/26/2023 14:17:04.689',"288,343,860,000,000","-321,798,120,000,000","610,141,980,000,000",-0.167271300000000
'07/26/2023 14:17:04.705',"286,750,800,000,000","-326,577,300,000,000","613,328,100,000,000",-0.199132500000000
'07/26/2023 14:17:04.721',"281,971,620,000,000","-329,763,420,000,000","611,735,040,000,000",-0.238959000000000
'07/26/2023 14:17:04.738',"289,936,920,000,000","-321,798,120,000,000","611,735,040,000,000",-0.159306000000000
'07/26/2023 14:17:04.754',"294,716,100,000,000","-315,425,880,000,000","610,141,980,000,000",-0.103548900000000
'07/26/2023 14:17:04.770',"294,716,100,000,000","-317,018,940,000,000","611,735,040,000,000",-0.111514200000000
'07/26/2023 14:17:04.786',"293,123,040,000,000","-323,391,180,000,000","616,514,220,000,000",-0.151340700000000
'07/26/2023 14:17:04.803',"291,529,980,000,000","-315,425,880,000,000","606,955,860,000,000",-0.119479500000000
'07/26/2023 14:17:04.819',"288,343,860,000,000","-317,018,940,000,000","605,362,800,000,000",-0.143375400000000
'07/26/2023 14:17:04.835',"296,309,160,000,000","-315,425,880,000,000","611,735,040,000,000",-0.0955836000000000
'07/26/2023 14:17:04.851',"293,123,040,000,000","-312,239,760,000,000","605,362,800,000,000",-0.0955836000000000
'07/26/2023 14:17:04.868',"301,088,340,000,000","-310,646,700,000,000","611,735,040,000,000",-0.0477918000000000
'07/26/2023 14:17:04.884',"302,681,400,000,000","-317,018,940,000,000","619,700,340,000,000",-0.0716877000000000
'07/26/2023 14:17:04.900',"299,495,280,000,000","-323,391,180,000,000","622,886,460,000,000",-0.119479500000000
'07/26/2023 14:17:04.916',"297,902,220,000,000","-323,391,180,000,000","621,293,400,000,000",-0.127444800000000
'07/26/2023 14:17:04.933',"301,088,340,000,000","-323,391,180,000,000","624,479,520,000,000",-0.111514200000000
'07/26/2023 14:17:04.949',"307,460,580,000,000","-317,018,940,000,000","624,479,520,000,000",-0.0477918000000000
'07/26/2023 14:17:04.965',"305,867,520,000,000","-321,798,120,000,000","627,665,640,000,000",-0.0796530000000000
'07/26/2023 14:17:04.981',"304,274,460,000,000","-315,425,880,000,000","619,700,340,000,000",-0.0557571000000000
'07/26/2023 14:17:04.998',"302,681,400,000,000","-321,798,120,000,000","624,479,520,000,000",-0.0955836000000000
'07/26/2023 14:17:05.014',"304,274,460,000,000","-320,205,060,000,000","624,479,520,000,000",-0.0796530000000000
'07/26/2023 14:17:05.030',"301,088,340,000,000","-321,798,120,000,000","622,886,460,000,000",-0.103548900000000
'07/26/2023 14:17:05.046',"302,681,400,000,000","-315,425,880,000,000","618,107,280,000,000",-0.0637224000000000
'07/26/2023 14:17:05.063',"301,088,340,000,000","-317,018,940,000,000","618,107,280,000,000",-0.0796530000000000
'07/26/2023 14:17:05.079',"302,681,400,000,000","-313,832,820,000,000","616,514,220,000,000",-0.0557571000000000
'07/26/2023 14:17:05.095',"312,239,760,000,000","-310,646,700,000,000","622,886,460,000,000",0.00796530000000000
'07/26/2023 14:17:05.111',"304,274,460,000,000","-312,239,760,000,000","616,514,220,000,000",-0.0398265000000000
'07/26/2023 14:17:05.128',"309,053,640,000,000","-310,646,700,000,000","619,700,340,000,000",-0.00796530000000000
'07/26/2023 14:17:05.144',"297,902,220,000,000","-315,425,880,000,000","613,328,100,000,000",-0.0876183000000000
'07/26/2023 14:17:05.160',"299,495,280,000,000","-313,832,820,000,000","613,328,100,000,000",-0.0716877000000000
'07/26/2023 14:17:05.176',"302,681,400,000,000","-310,646,700,000,000","613,328,100,000,000",-0.0398265000000000
'07/26/2023 14:17:05.193',"299,495,280,000,000","-309,053,640,000,000","608,548,920,000,000",-0.0477918000000000
'07/26/2023 14:17:05.209',"302,681,400,000,000","-313,832,820,000,000","616,514,220,000,000",-0.0557571000000000
'07/26/2023 14:17:05.225',"296,309,160,000,000","-313,832,820,000,000","610,141,980,000,000",-0.0876183000000000
'07/26/2023 14:17:05.241',"299,495,280,000,000","-312,239,760,000,000","611,735,040,000,000",-0.0637224000000000
'07/26/2023 14:17:05.258',"297,902,220,000,000","-312,239,760,000,000","610,141,980,000,000",-0.0716877000000000
'07/26/2023 14:17:05.274',"296,309,160,000,000","-310,646,700,000,000","606,955,860,000,000",-0.0716877000000000
'07/26/2023 14:17:05.290',"291,529,980,000,000","-313,832,820,000,000","605,362,800,000,000",-0.111514200000000
'07/26/2023 14:17:05.306',"294,716,100,000,000","-313,832,820,000,000","608,548,920,000,000",-0.0955836000000000
'07/26/2023 14:17:05.323',"291,529,980,000,000","-318,612,000,000,000","610,141,980,000,000",-0.135410100000000
'07/26/2023 14:17:05.339',"296,309,160,000,000","-313,832,820,000,000","610,141,980,000,000",-0.0876183000000000
'07/26/2023 14:17:05.355',"291,529,980,000,000","-317,018,940,000,000","608,548,920,000,000",-0.127444800000000
'07/26/2023 14:17:05.371',"291,529,980,000,000","-315,425,880,000,000","606,955,860,000,000",-0.119479500000000
'07/26/2023 14:17:05.388',"291,529,980,000,000","-320,205,060,000,000","611,735,040,000,000",-0.143375400000000
'07/26/2023 14:17:05.404',"293,123,040,000,000","-318,612,000,000,000","611,735,040,000,000",-0.127444800000000
'07/26/2023 14:17:05.420',"294,716,100,000,000","-317,018,940,000,000","611,735,040,000,000",-0.111514200000000
'07/26/2023 14:17:05.436',"297,902,220,000,000","-313,832,820,000,000","611,735,040,000,000",-0.0796530000000000
'07/26/2023 14:17:05.453',"301,088,340,000,000","-310,646,700,000,000","611,735,040,000,000",-0.0477918000000000
'07/26/2023 14:17:05.469',"297,902,220,000,000","-315,425,880,000,000","613,328,100,000,000",-0.0876183000000000
'07/26/2023 14:17:05.485',"296,309,160,000,000","-315,425,880,000,000","611,735,040,000,000",-0.0955836000000000
'07/26/2023 14:17:05.501',"297,902,220,000,000","-309,053,640,000,000","606,955,860,000,000",-0.0557571000000000
'07/26/2023 14:17:05.518',"297,902,220,000,000","-315,425,880,000,000","613,328,100,000,000",-0.0876183000000000
'07/26/2023 14:17:05.534',"299,495,280,000,000","-315,425,880,000,000","614,921,160,000,000",-0.0796530000000000
'07/26/2023 14:17:05.550',"302,681,400,000,000","-318,612,000,000,000","621,293,400,000,000",-0.0796530000000000
'07/26/2023 14:17:05.566',"307,460,580,000,000","-313,832,820,000,000","621,293,400,000,000",-0.0318612000000000
'07/26/2023 14:17:05.583',"312,239,760,000,000","-312,239,760,000,000","624,479,520,000,000",0
'07/26/2023 14:17:05.599',"313,832,820,000,000","-309,053,640,000,000","622,886,460,000,000",0.0238959000000000
'07/26/2023 14:17:05.615',"317,018,940,000,000","-310,646,700,000,000","627,665,640,000,000",0.0318612000000000
'07/26/2023 14:17:05.631',"312,239,760,000,000","-309,053,640,000,000","621,293,400,000,000",0.0159306000000000
'07/26/2023 14:17:05.648',"310,646,700,000,000","-309,053,640,000,000","619,700,340,000,000",0.00796530000000000
'07/26/2023 14:17:05.664',"312,239,760,000,000","-309,053,640,000,000","621,293,400,000,000",0.0159306000000000
'07/26/2023 14:17:05.680',"310,646,700,000,000","-312,239,760,000,000","622,886,460,000,000",-0.00796530000000000
'07/26/2023 14:17:05.696',"309,053,640,000,000","-320,205,060,000,000","629,258,700,000,000",-0.0557571000000000
'07/26/2023 14:17:05.713',"310,646,700,000,000","-315,425,880,000,000","626,072,580,000,000",-0.0238959000000000
'07/26/2023 14:17:05.729',"315,425,880,000,000","-310,646,700,000,000","626,072,580,000,000",0.0238959000000000
'07/26/2023 14:17:05.745',"320,205,060,000,000","-313,832,820,000,000","634,037,880,000,000",0.0318612000000000
'07/26/2023 14:17:05.761',"320,205,060,000,000","-309,053,640,000,000","629,258,700,000,000",0.0557571000000000
'07/26/2023 14:17:05.778',"315,425,880,000,000","-309,053,640,000,000","624,479,520,000,000",0.0318612000000000
'07/26/2023 14:17:05.794',"312,239,760,000,000","-312,239,760,000,000","624,479,520,000,000",0
'07/26/2023 14:17:05.810',"312,239,760,000,000","-310,646,700,000,000","622,886,460,000,000",0.00796530000000000
'07/26/2023 14:17:05.826',"307,460,580,000,000","-312,239,760,000,000","619,700,340,000,000",-0.0238959000000000
'07/26/2023 14:17:05.843',"305,867,520,000,000","-307,460,580,000,000","613,328,100,000,000",-0.00796530000000000
'07/26/2023 14:17:05.859',"301,088,340,000,000","-310,646,700,000,000","611,735,040,000,000",-0.0477918000000000
'07/26/2023 14:17:05.875',"301,088,340,000,000","-307,460,580,000,000","608,548,920,000,000",-0.0318612000000000
'07/26/2023 14:17:05.891',"301,088,340,000,000","-309,053,640,000,000","610,141,980,000,000",-0.0398265000000000
'07/26/2023 14:17:05.908',"296,309,160,000,000","-313,832,820,000,000","610,141,980,000,000",-0.0876183000000000
'07/26/2023 14:17:05.924',"305,867,520,000,000","-307,460,580,000,000","613,328,100,000,000",-0.00796530000000000
'07/26/2023 14:17:05.940',"302,681,400,000,000","-312,239,760,000,000","614,921,160,000,000",-0.0477918000000000
'07/26/2023 14:17:05.956',"301,088,340,000,000","-315,425,880,000,000","616,514,220,000,000",-0.0716877000000000
'07/26/2023 14:17:05.973',"297,902,220,000,000","-317,018,940,000,000","614,921,160,000,000",-0.0955836000000000
'07/26/2023 14:17:05.989',"301,088,340,000,000","-315,425,880,000,000","616,514,220,000,000",-0.0716877000000000
'07/26/2023 14:17:06.005',"302,681,400,000,000","-313,832,820,000,000","616,514,220,000,000",-0.0557571000000000
'07/26/2023 14:17:06.021',"301,088,340,000,000","-318,612,000,000,000","619,700,340,000,000",-0.0876183000000000
'07/26/2023 14:17:06.038',"297,902,220,000,000","-313,832,820,000,000","611,735,040,000,000",-0.0796530000000000
'07/26/2023 14:17:06.054',"294,716,100,000,000","-317,018,940,000,000","611,735,040,000,000",-0.111514200000000
'07/26/2023 14:17:06.070',"289,936,920,000,000","-318,612,000,000,000","608,548,920,000,000",-0.143375400000000
'07/26/2023 14:17:06.086',"296,309,160,000,000","-313,832,820,000,000","610,141,980,000,000",-0.0876183000000000
'07/26/2023 14:17:06.103',"294,716,100,000,000","-310,646,700,000,000","605,362,800,000,000",-0.0796530000000000
'07/26/2023 14:17:06.119',"299,495,280,000,000","-310,646,700,000,000","610,141,980,000,000",-0.0557571000000000
'07/26/2023 14:17:06.135',"294,716,100,000,000","-320,205,060,000,000","614,921,160,000,000",-0.127444800000000
'07/26/2023 14:17:06.151',"297,902,220,000,000","-318,612,000,000,000","616,514,220,000,000",-0.103548900000000
'07/26/2023 14:17:06.168',"289,936,920,000,000","-321,798,120,000,000","611,735,040,000,000",-0.159306000000000
'07/26/2023 14:17:06.184',"293,123,040,000,000","-320,205,060,000,000","613,328,100,000,000",-0.135410100000000
'07/26/2023 14:17:06.200',"291,529,980,000,000","-323,391,180,000,000","614,921,160,000,000",-0.159306000000000
'07/26/2023 14:17:06.216',"301,088,340,000,000","-317,018,940,000,000","618,107,280,000,000",-0.0796530000000000
'07/26/2023 14:17:06.233',"291,529,980,000,000","-323,391,180,000,000","614,921,160,000,000",-0.159306000000000
'07/26/2023 14:17:06.249',"301,088,340,000,000","-317,018,940,000,000","618,107,280,000,000",-0.0796530000000000
'07/26/2023 14:17:06.265',"294,716,100,000,000","-323,391,180,000,000","618,107,280,000,000",-0.143375400000000
'07/26/2023 14:17:06.281',"301,088,340,000,000","-318,612,000,000,000","619,700,340,000,000",-0.0876183000000000
'07/26/2023 14:17:06.298',"302,681,400,000,000","-320,205,060,000,000","622,886,460,000,000",-0.0876183000000000
'07/26/2023 14:17:06.314',"302,681,400,000,000","-317,018,940,000,000","619,700,340,000,000",-0.0716877000000000
'07/26/2023 14:17:06.330',"299,495,280,000,000","-321,798,120,000,000","621,293,400,000,000",-0.111514200000000
'07/26/2023 14:17:06.346',"293,123,040,000,000","-324,984,240,000,000","618,107,280,000,000",-0.159306000000000
'07/26/2023 14:17:06.363',"301,088,340,000,000","-318,612,000,000,000","619,700,340,000,000",-0.0876183000000000
'07/26/2023 14:17:06.379',"304,274,460,000,000","-310,646,700,000,000","614,921,160,000,000",-0.0318612000000000
'07/26/2023 14:17:06.395',"305,867,520,000,000","-301,088,340,000,000","606,955,860,000,000",0.0238959000000000
'07/26/2023 14:17:06.411',"305,867,520,000,000","-302,681,400,000,000","608,548,920,000,000",0.0159306000000000
'07/26/2023 14:17:06.428',"310,646,700,000,000","-307,460,580,000,000","618,107,280,000,000",0.0159306000000000
'07/26/2023 14:17:06.444',"318,612,000,000,000","-302,681,400,000,000","621,293,400,000,000",0.0796530000000000
'07/26/2023 14:17:06.460',"323,391,180,000,000","-299,495,280,000,000","622,886,460,000,000",0.119479500000000
'07/26/2023 14:17:06.476',"321,798,120,000,000","-297,902,220,000,000","619,700,340,000,000",0.119479500000000
'07/26/2023 14:17:06.493',"315,425,880,000,000","-301,088,340,000,000","616,514,220,000,000",0.0716877000000000
'07/26/2023 14:17:06.509',"315,425,880,000,000","-296,309,160,000,000","611,735,040,000,000",0.0955836000000000
'07/26/2023 14:17:06.525',"309,053,640,000,000","-305,867,520,000,000","614,921,160,000,000",0.0159306000000000
'07/26/2023 14:17:06.541',"317,018,940,000,000","-297,902,220,000,000","614,921,160,000,000",0.0955836000000000
'07/26/2023 14:17:06.558',"313,832,820,000,000","-302,681,400,000,000","616,514,220,000,000",0.0557571000000000
'07/26/2023 14:17:06.574',"315,425,880,000,000","-304,274,460,000,000","619,700,340,000,000",0.0557571000000000
'07/26/2023 14:17:06.590',"309,053,640,000,000","-309,053,640,000,000","618,107,280,000,000",0
'07/26/2023 14:17:06.606',"321,798,120,000,000","-307,460,580,000,000","629,258,700,000,000",0.0716877000000000
'07/26/2023 14:17:06.623',"317,018,940,000,000","-312,239,760,000,000","629,258,700,000,000",0.0238959000000000
'07/26/2023 14:17:06.639',"324,984,240,000,000","-309,053,640,000,000","634,037,880,000,000",0.0796530000000000
'07/26/2023 14:17:06.655',"318,612,000,000,000","-315,425,880,000,000","634,037,880,000,000",0.0159306000000000
'07/26/2023 14:17:06.671',"324,984,240,000,000","-307,460,580,000,000","632,444,820,000,000",0.0876183000000000
'07/26/2023 14:17:06.688',"317,018,940,000,000","-312,239,760,000,000","629,258,700,000,000",0.0238959000000000
'07/26/2023 14:17:06.704',"321,798,120,000,000","-309,053,640,000,000","630,851,760,000,000",0.0637224000000000
'07/26/2023 14:17:06.720',"318,612,000,000,000","-307,460,580,000,000","626,072,580,000,000",0.0557571000000000
'07/26/2023 14:17:06.736',"317,018,940,000,000","-309,053,640,000,000","626,072,580,000,000",0.0398265000000000
'07/26/2023 14:17:06.753',"317,018,940,000,000","-305,867,520,000,000","622,886,460,000,000",0.0557571000000000
'07/26/2023 14:17:06.769',"313,832,820,000,000","-310,646,700,000,000","624,479,520,000,000",0.0159306000000000
'07/26/2023 14:17:06.785',"315,425,880,000,000","-310,646,700,000,000","626,072,580,000,000",0.0238959000000000
'07/26/2023 14:17:06.801',"312,239,760,000,000","-315,425,880,000,000","627,665,640,000,000",-0.0159306000000000
'07/26/2023 14:17:06.818',"313,832,820,000,000","-309,053,640,000,000","622,886,460,000,000",0.0238959000000000
'07/26/2023 14:17:06.834',"310,646,700,000,000","-307,460,580,000,000","618,107,280,000,000",0.0159306000000000
'07/26/2023 14:17:06.850',"310,646,700,000,000","-309,053,640,000,000","619,700,340,000,000",0.00796530000000000
'07/26/2023 14:17:06.866',"312,239,760,000,000","-305,867,520,000,000","618,107,280,000,000",0.0318612000000000
'07/26/2023 14:17:06.883',"307,460,580,000,000","-312,239,760,000,000","619,700,340,000,000",-0.0238959000000000
'07/26/2023 14:17:06.899',"315,425,880,000,000","-309,053,640,000,000","624,479,520,000,000",0.0318612000000000
'07/26/2023 14:17:06.915',"309,053,640,000,000","-307,460,580,000,000","616,514,220,000,000",0.00796530000000000
'07/26/2023 14:17:06.931',"320,205,060,000,000","-302,681,400,000,000","622,886,460,000,000",0.0876183000000000
'07/26/2023 14:17:06.948',"310,646,700,000,000","-304,274,460,000,000","614,921,160,000,000",0.0318612000000000
'07/26/2023 14:17:06.964',"318,612,000,000,000","-299,495,280,000,000","618,107,280,000,000",0.0955836000000000
'07/26/2023 14:17:06.980',"320,205,060,000,000","-301,088,340,000,000","621,293,400,000,000",0.0955836000000000
'07/26/2023 14:17:06.996',"318,612,000,000,000","-301,088,340,000,000","619,700,340,000,000",0.0876183000000000
'07/26/2023 14:17:07.013',"323,391,180,000,000","-293,123,040,000,000","616,514,220,000,000",0.151340700000000
'07/26/2023 14:17:07.029',"324,984,240,000,000","-293,123,040,000,000","618,107,280,000,000",0.159306000000000
'07/26/2023 14:17:07.045',"328,170,360,000,000","-291,529,980,000,000","619,700,340,000,000",0.183201900000000
'07/26/2023 14:17:07.061',"320,205,060,000,000","-297,902,220,000,000","618,107,280,000,000",0.111514200000000
'07/26/2023 14:17:07.078',"326,577,300,000,000","-289,936,920,000,000","616,514,220,000,000",0.183201900000000
'07/26/2023 14:17:07.094',"323,391,180,000,000","-293,123,040,000,000","616,514,220,000,000",0.151340700000000
'07/26/2023 14:17:07.110',"326,577,300,000,000","-296,309,160,000,000","622,886,460,000,000",0.151340700000000
'07/26/2023 14:17:07.126',"331,356,480,000,000","-288,343,860,000,000","619,700,340,000,000",0.215063100000000
'07/26/2023 14:17:07.143',"324,984,240,000,000","-296,309,160,000,000","621,293,400,000,000",0.143375400000000
'07/26/2023 14:17:07.159',"331,356,480,000,000","-296,309,160,000,000","627,665,640,000,000",0.175236600000000
'07/26/2023 14:17:07.175',"324,984,240,000,000","-297,902,220,000,000","622,886,460,000,000",0.135410100000000
'07/26/2023 14:17:07.191',"328,170,360,000,000","-291,529,980,000,000","619,700,340,000,000",0.183201900000000
'07/26/2023 14:17:07.208',"329,763,420,000,000","-291,529,980,000,000","621,293,400,000,000",0.191167200000000
'07/26/2023 14:17:07.224',"320,205,060,000,000","-296,309,160,000,000","616,514,220,000,000",0.119479500000000
'07/26/2023 14:17:07.240',"320,205,060,000,000","-297,902,220,000,000","618,107,280,000,000",0.111514200000000
'07/26/2023 14:17:07.256',"312,239,760,000,000","-299,495,280,000,000","611,735,040,000,000",0.0637224000000000
'07/26/2023 14:17:07.272',"318,612,000,000,000","-297,902,220,000,000","616,514,220,000,000",0.103548900000000
'07/26/2023 14:17:07.289',"318,612,000,000,000","-297,902,220,000,000","616,514,220,000,000",0.103548900000000
'07/26/2023 14:17:07.305',"312,239,760,000,000","-302,681,400,000,000","614,921,160,000,000",0.0477918000000000
'07/26/2023 14:17:07.321',"318,612,000,000,000","-294,716,100,000,000","613,328,100,000,000",0.119479500000000
'07/26/2023 14:17:07.337',"310,646,700,000,000","-302,681,400,000,000","613,328,100,000,000",0.0398265000000000
'07/26/2023 14:17:07.354',"313,832,820,000,000","-304,274,460,000,000","618,107,280,000,000",0.0477918000000000
'07/26/2023 14:17:07.370',"313,832,820,000,000","-304,274,460,000,000","618,107,280,000,000",0.0477918000000000
'07/26/2023 14:17:07.386',"315,425,880,000,000","-304,274,460,000,000","619,700,340,000,000",0.0557571000000000
'07/26/2023 14:17:07.402',"320,205,060,000,000","-299,495,280,000,000","619,700,340,000,000",0.103548900000000
'07/26/2023 14:17:07.419',"318,612,000,000,000","-301,088,340,000,000","619,700,340,000,000",0.0876183000000000
'07/26/2023 14:17:07.435',"315,425,880,000,000","-304,274,460,000,000","619,700,340,000,000",0.0557571000000000
'07/26/2023 14:17:07.451',"320,205,060,000,000","-302,681,400,000,000","622,886,460,000,000",0.0876183000000000
'07/26/2023 14:17:07.467',"315,425,880,000,000","-304,274,460,000,000","619,700,340,000,000",0.0557571000000000
'07/26/2023 14:17:07.484',"317,018,940,000,000","-305,867,520,000,000","622,886,460,000,000",0.0557571000000000
'07/26/2023 14:17:07.500',"318,612,000,000,000","-305,867,520,000,000","624,479,520,000,000",0.0637224000000000
'07/26/2023 14:17:07.516',"312,239,760,000,000","-310,646,700,000,000","622,886,460,000,000",0.00796530000000000
'07/26/2023 14:17:07.532',"315,425,880,000,000","-302,681,400,000,000","618,107,280,000,000",0.0637224000000000
'07/26/2023 14:17:07.549',"310,646,700,000,000","-305,867,520,000,000","616,514,220,000,000",0.0238959000000000
'07/26/2023 14:17:07.565',"312,239,760,000,000","-297,902,220,000,000","610,141,980,000,000",0.0716877000000000
'07/26/2023 14:17:07.581',"315,425,880,000,000","-301,088,340,000,000","616,514,220,000,000",0.0716877000000000
'07/26/2023 14:17:07.597',"317,018,940,000,000","-302,681,400,000,000","619,700,340,000,000",0.0716877000000000
'07/26/2023 14:17:07.614',"318,612,000,000,000","-301,088,340,000,000","619,700,340,000,000",0.0876183000000000
'07/26/2023 14:17:07.630',"320,205,060,000,000","-296,309,160,000,000","616,514,220,000,000",0.119479500000000
'07/26/2023 14:17:07.646',"317,018,940,000,000","-294,716,100,000,000","611,735,040,000,000",0.111514200000000
'07/26/2023 14:17:07.662',"320,205,060,000,000","-294,716,100,000,000","614,921,160,000,000",0.127444800000000
'07/26/2023 14:17:07.679',"317,018,940,000,000","-293,123,040,000,000","610,141,980,000,000",0.119479500000000
'07/26/2023 14:17:07.695',"320,205,060,000,000","-296,309,160,000,000","616,514,220,000,000",0.119479500000000
'07/26/2023 14:17:07.711',"321,798,120,000,000","-288,343,860,000,000","610,141,980,000,000",0.167271300000000
'07/26/2023 14:17:07.727',"323,391,180,000,000","-286,750,800,000,000","610,141,980,000,000",0.183201900000000
'07/26/2023 14:17:07.744',"320,205,060,000,000","-286,750,800,000,000","606,955,860,000,000",0.167271300000000
'07/26/2023 14:17:07.760',"323,391,180,000,000","-283,564,680,000,000","606,955,860,000,000",0.199132500000000
'07/26/2023 14:17:07.776',"329,763,420,000,000","-278,785,500,000,000","608,548,920,000,000",0.254889600000000
'07/26/2023 14:17:07.792',"337,728,720,000,000","-274,006,320,000,000","611,735,040,000,000",0.318612000000000
'07/26/2023 14:17:07.809',"332,949,540,000,000","-275,599,380,000,000","608,548,920,000,000",0.286750800000000
'07/26/2023 14:17:07.825',"334,542,600,000,000","-275,599,380,000,000","610,141,980,000,000",0.294716100000000
'07/26/2023 14:17:07.841',"337,728,720,000,000","-270,820,200,000,000","608,548,920,000,000",0.334542600000000
'07/26/2023 14:17:07.857',"331,356,480,000,000","-274,006,320,000,000","605,362,800,000,000",0.286750800000000
'07/26/2023 14:17:07.874',"339,321,780,000,000","-272,413,260,000,000","611,735,040,000,000",0.334542600000000
'07/26/2023 14:17:07.890',"332,949,540,000,000","-275,599,380,000,000","608,548,920,000,000",0.286750800000000
'07/26/2023 14:17:07.906',"342,507,900,000,000","-270,820,200,000,000","613,328,100,000,000",0.358438500000000
'07/26/2023 14:17:07.922',"345,694,020,000,000","-272,413,260,000,000","618,107,280,000,000",0.366403800000000
'07/26/2023 14:17:07.939',"344,100,960,000,000","-270,820,200,000,000","614,921,160,000,000",0.366403800000000
'07/26/2023 14:17:07.955',"339,321,780,000,000","-270,820,200,000,000","610,141,980,000,000",0.342507900000000
'07/26/2023 14:17:07.971',"345,694,020,000,000","-270,820,200,000,000","616,514,220,000,000",0.374369100000000
'07/26/2023 14:17:07.987',"347,287,080,000,000","-267,634,080,000,000","614,921,160,000,000",0.398265000000000
'07/26/2023 14:17:08.004',"355,252,380,000,000","-264,447,960,000,000","619,700,340,000,000",0.454022100000000
'07/26/2023 14:17:08.020',"348,880,140,000,000","-264,447,960,000,000","613,328,100,000,000",0.422160900000000
'07/26/2023 14:17:08.036',"350,473,200,000,000","-258,075,720,000,000","608,548,920,000,000",0.461987400000000
'07/26/2023 14:17:08.052',"347,287,080,000,000","-264,447,960,000,000","611,735,040,000,000",0.414195600000000
'07/26/2023 14:17:08.069',"347,287,080,000,000","-264,447,960,000,000","611,735,040,000,000",0.414195600000000
'07/26/2023 14:17:08.085',"344,100,960,000,000","-267,634,080,000,000","611,735,040,000,000",0.382334400000000
'07/26/2023 14:17:08.101',"347,287,080,000,000","-267,634,080,000,000","614,921,160,000,000",0.398265000000000
'07/26/2023 14:17:08.117',"347,287,080,000,000","-259,668,780,000,000","606,955,860,000,000",0.438091500000000
'07/26/2023 14:17:08.134',"350,473,200,000,000","-258,075,720,000,000","608,548,920,000,000",0.461987400000000
'07/26/2023 14:17:08.150',"352,066,260,000,000","-261,261,840,000,000","613,328,100,000,000",0.454022100000000
'07/26/2023 14:17:08.166',"353,659,320,000,000","-258,075,720,000,000","611,735,040,000,000",0.477918000000000
'07/26/2023 14:17:08.182',"353,659,320,000,000","-253,296,540,000,000","606,955,860,000,000",0.501813900000000
'07/26/2023 14:17:08.199',"345,694,020,000,000","-267,634,080,000,000","613,328,100,000,000",0.390299700000000
'07/26/2023 14:17:08.215',"334,542,600,000,000","-274,006,320,000,000","608,548,920,000,000",0.302681400000000
'07/26/2023 14:17:08.231',"348,880,140,000,000","-264,447,960,000,000","613,328,100,000,000",0.422160900000000
'07/26/2023 14:17:08.247',"347,287,080,000,000","-264,447,960,000,000","611,735,040,000,000",0.414195600000000
'07/26/2023 14:17:08.264',"355,252,380,000,000","-259,668,780,000,000","614,921,160,000,000",0.477918000000000
'07/26/2023 14:17:08.280',"353,659,320,000,000","-258,075,720,000,000","611,735,040,000,000",0.477918000000000
'07/26/2023 14:17:08.296',"360,031,560,000,000","-254,889,600,000,000","614,921,160,000,000",0.525709800000000
'07/26/2023 14:17:08.312',"355,252,380,000,000","-258,075,720,000,000","613,328,100,000,000",0.485883300000000
'07/26/2023 14:17:08.329',"358,438,500,000,000","-258,075,720,000,000","616,514,220,000,000",0.501813900000000
'07/26/2023 14:17:08.345',"350,473,200,000,000","-264,447,960,000,000","614,921,160,000,000",0.430126200000000
'07/26/2023 14:17:08.361',"356,845,440,000,000","-259,668,780,000,000","616,514,220,000,000",0.485883300000000
'07/26/2023 14:17:08.377',"353,659,320,000,000","-259,668,780,000,000","613,328,100,000,000",0.469952700000000
'07/26/2023 14:17:08.394',"360,031,560,000,000","-256,482,660,000,000","616,514,220,000,000",0.517744500000000
'07/26/2023 14:17:08.410',"353,659,320,000,000","-261,261,840,000,000","614,921,160,000,000",0.461987400000000
'07/26/2023 14:17:08.426',"355,252,380,000,000","-259,668,780,000,000","614,921,160,000,000",0.477918000000000
'07/26/2023 14:17:08.442',"355,252,380,000,000","-259,668,780,000,000","614,921,160,000,000",0.477918000000000
'07/26/2023 14:17:08.459',"355,252,380,000,000","-262,854,900,000,000","618,107,280,000,000",0.461987400000000
'07/26/2023 14:17:08.475',"355,252,380,000,000","-261,261,840,000,000","616,514,220,000,000",0.469952700000000
'07/26/2023 14:17:08.491',"352,066,260,000,000","-266,041,020,000,000","618,107,280,000,000",0.430126200000000
'07/26/2023 14:17:08.507',"363,217,680,000,000","-253,296,540,000,000","616,514,220,000,000",0.549605700000000
'07/26/2023 14:17:08.524',"360,031,560,000,000","-258,075,720,000,000","618,107,280,000,000",0.509779200000000
'07/26/2023 14:17:08.540',"356,845,440,000,000","-261,261,840,000,000","618,107,280,000,000",0.477918000000000
'07/26/2023 14:17:08.556',"358,438,500,000,000","-261,261,840,000,000","619,700,340,000,000",0.485883300000000
'07/26/2023 14:17:08.572',"358,438,500,000,000","-259,668,780,000,000","618,107,280,000,000",0.493848600000000
'07/26/2023 14:17:08.589',"361,624,620,000,000","-259,668,780,000,000","621,293,400,000,000",0.509779200000000
'07/26/2023 14:17:08.605',"358,438,500,000,000","-261,261,840,000,000","619,700,340,000,000",0.485883300000000
'07/26/2023 14:17:08.621',"360,031,560,000,000","-259,668,780,000,000","619,700,340,000,000",0.501813900000000
'07/26/2023 14:17:08.637',"358,438,500,000,000","-261,261,840,000,000","619,700,340,000,000",0.485883300000000
'07/26/2023 14:17:08.654',"360,031,560,000,000","-261,261,840,000,000","621,293,400,000,000",0.493848600000000
'07/26/2023 14:17:08.670',"358,438,500,000,000","-261,261,840,000,000","619,700,340,000,000",0.485883300000000
'07/26/2023 14:17:08.686',"361,624,620,000,000","-259,668,780,000,000","621,293,400,000,000",0.509779200000000
'07/26/2023 14:17:08.702',"360,031,560,000,000","-259,668,780,000,000","619,700,340,000,000",0.501813900000000
'07/26/2023 14:17:08.719',"360,031,560,000,000","-261,261,840,000,000","621,293,400,000,000",0.493848600000000
'07/26/2023 14:17:08.735',"358,438,500,000,000","-262,854,900,000,000","621,293,400,000,000",0.477918000000000
'07/26/2023 14:17:08.751',"360,031,560,000,000","-261,261,840,000,000","621,293,400,000,000",0.493848600000000
'07/26/2023 14:17:08.767',"360,031,560,000,000","-261,261,840,000,000","621,293,400,000,000",0.493848600000000
'07/26/2023 14:17:08.784',"360,031,560,000,000","-261,261,840,000,000","621,293,400,000,000",0.493848600000000
'07/26/2023 14:17:08.800',"358,438,500,000,000","-261,261,840,000,000","619,700,340,000,000",0.485883300000000
'07/26/2023 14:17:08.816',"360,031,560,000,000","-261,261,840,000,000","621,293,400,000,000",0.493848600000000
'07/26/2023 14:17:08.832',"360,031,560,000,000","-261,261,840,000,000","621,293,400,000,000",0.493848600000000
'07/26/2023 14:17:08.849',"360,031,560,000,000","-261,261,840,000,000","621,293,400,000,000",0.493848600000000
'07/26/2023 14:17:08.865',"360,031,560,000,000","-261,261,840,000,000","621,293,400,000,000",0.493848600000000
'07/26/2023 14:17:08.881',"360,031,560,000,000","-261,261,840,000,000","621,293,400,000,000",0.493848600000000
'07/26/2023 14:17:08.897',"358,438,500,000,000","-262,854,900,000,000","621,293,400,000,000",0.477918000000000
'07/26/2023 14:17:08.914',"358,438,500,000,000","-262,854,900,000,000","621,293,400,000,000",0.477918000000000
'07/26/2023 14:17:08.930',"360,031,560,000,000","-261,261,840,000,000","621,293,400,000,000",0.493848600000000
'07/26/2023 14:17:08.946',"360,031,560,000,000","-261,261,840,000,000","621,293,400,000,000",0.493848600000000
'07/26/2023 14:17:08.962',"360,031,560,000,000","-262,854,900,000,000","622,886,460,000,000",0.485883300000000
'07/26/2023 14:17:08.979',"360,031,560,000,000","-261,261,840,000,000","621,293,400,000,000",0.493848600000000
'07/26/2023 14:17:08.995',"360,031,560,000,000","-262,854,900,000,000","622,886,460,000,000",0.485883300000000
'07/26/2023 14:17:09.011',"356,845,440,000,000","-266,041,020,000,000","622,886,460,000,000",0.454022100000000
'07/26/2023 14:17:09.027',"353,659,320,000,000","-269,227,140,000,000","622,886,460,000,000",0.422160900000000
'07/26/2023 14:17:09.044',"352,066,260,000,000","-270,820,200,000,000","622,886,460,000,000",0.406230300000000
'07/26/2023 14:17:09.060',"353,659,320,000,000","-269,227,140,000,000","622,886,460,000,000",0.422160900000000
'07/26/2023 14:17:09.076',"353,659,320,000,000","-269,227,140,000,000","622,886,460,000,000",0.422160900000000
'07/26/2023 14:17:09.092',"352,066,260,000,000","-269,227,140,000,000","621,293,400,000,000",0.414195600000000
'07/26/2023 14:17:09.109',"345,694,020,000,000","-275,599,380,000,000","621,293,400,000,000",0.350473200000000
'07/26/2023 14:17:09.125',"350,473,200,000,000","-270,820,200,000,000","621,293,400,000,000",0.398265000000000
'07/26/2023 14:17:09.141',"347,287,080,000,000","-270,820,200,000,000","618,107,280,000,000",0.382334400000000
'07/26/2023 14:17:09.157',"350,473,200,000,000","-262,854,900,000,000","613,328,100,000,000",0.438091500000000
'07/26/2023 14:17:09.174',"345,694,020,000,000","-264,447,960,000,000","610,141,980,000,000",0.406230300000000
'07/26/2023 14:17:09.190',"340,914,840,000,000","-266,041,020,000,000","606,955,860,000,000",0.374369100000000
'07/26/2023 14:17:09.206',"347,287,080,000,000","-264,447,960,000,000","611,735,040,000,000",0.414195600000000
'07/26/2023 14:17:09.222',"355,252,380,000,000","-258,075,720,000,000","613,328,100,000,000",0.485883300000000
'07/26/2023 14:17:09.239',"358,438,500,000,000","-258,075,720,000,000","616,514,220,000,000",0.501813900000000
'07/26/2023 14:17:09.255',"353,659,320,000,000","-264,447,960,000,000","618,107,280,000,000",0.446056800000000
'07/26/2023 14:17:09.271',"345,694,020,000,000","-277,192,440,000,000","622,886,460,000,000",0.342507900000000
'07/26/2023 14:17:09.287',"350,473,200,000,000","-262,854,900,000,000","613,328,100,000,000",0.438091500000000
'07/26/2023 14:17:09.304',"350,473,200,000,000","-266,041,020,000,000","616,514,220,000,000",0.422160900000000
'07/26/2023 14:17:09.320',"352,066,260,000,000","-264,447,960,000,000","616,514,220,000,000",0.438091500000000
'07/26/2023 14:17:09.336',"355,252,380,000,000","-261,261,840,000,000","616,514,220,000,000",0.469952700000000
'07/26/2023 14:17:09.352',"356,845,440,000,000","-261,261,840,000,000","618,107,280,000,000",0.477918000000000
'07/26/2023 14:17:09.369',"350,473,200,000,000","-259,668,780,000,000","610,141,980,000,000",0.454022100000000
'07/26/2023 14:17:09.385',"347,287,080,000,000","-262,854,900,000,000","610,141,980,000,000",0.422160900000000
